Designator,Mid X,Mid Y,Layer,Rotation
CB2,37.9339mm,11.3947mm,Bottom,180
CB1,34.3188mm,10.7482mm,Bottom,180
LED15,20.5000mm,36.0000mm,Top,270
LED13,20.5000mm,31.0013mm,Top,90
LED11,14.5000mm,36.0000mm,Top,270
LED9,14.5000mm,31.0013mm,Top,90
LED7,8.5000mm,36.0000mm,Top,270
LED5,8.5000mm,31.0013mm,Top,90
LED3,2.5000mm,36.0000mm,Top,270
LED2,2.5000mm,31.0013mm,Top,90
LED16,2.5000mm,58.0000mm,Top,90
LED14,20.5000mm,58.0000mm,Top,90
LED12,20.5000mm,63.0013mm,Top,90
LED10,14.5000mm,58.0000mm,Top,90
LED8,14.5000mm,63.0013mm,Top,90
LED6,8.5000mm,58.0000mm,Top,90
LED4,8.5000mm,63.0013mm,Top,90
LED1,2.5000mm,63.0013mm,Top,90
RD2,53.7129mm,7.0096mm,Bottom,180
RD1,51.9071mm,11.7367mm,Top,90
RBT1,39.1356mm,38.3523mm,Bottom,90
R52,40.4939mm,35.0026mm,Bottom,270
C9,40.2663mm,31.8726mm,Bottom,180
C4,40.7806mm,33.0997mm,Bottom,0
RB4,29.8769mm,32.5158mm,Top,90
RB3,32.0250mm,30.4687mm,Top,90
RB2,54.4939mm,10.9964mm,Top,90
RB1,54.5105mm,12.7010mm,Top,90
USBC2,28.5510mm,18.2051mm,Top,270
C90,36.5000mm,43.0000mm,Bottom,270
Y3,30.5000mm,35.5000mm,Top,0
Y2,38.7192mm,23.2616mm,Top,0
Y1,42.6732mm,23.1466mm,Top,180
USBC1,55.8340mm,20.4315mm,Top,90
U17,37.5966mm,31.9224mm,Bottom,180
U16,28.6139mm,7.4129mm,Top,270
U15,44.6206mm,37.3630mm,Bottom,0
U14,48.0000mm,30.0000mm,Bottom,0
U13,57.5657mm,3.0876mm,Top,0
U10,51.9250mm,43.0000mm,Bottom,0
U8,46.9250mm,43.0000mm,Bottom,0
U7,57.5602mm,42.6306mm,Bottom,180
U6,57.5152mm,36.4946mm,Bottom,180
U5,52.7777mm,36.5161mm,Bottom,0
U3,43.1243mm,14.3251mm,Top,0
U2,35.0356mm,13.1283mm,Top,180
U1,56.1000mm,29.7500mm,Top,180
R74,34.9490mm,31.2668mm,Bottom,270
R73,38.1551mm,29.3134mm,Bottom,0
R71,43.7993mm,44.8230mm,Top,90
R70,25.4376mm,43.0951mm,Top,0
R69,49.6029mm,42.0493mm,Bottom,90
R68,42.4614mm,37.5037mm,Bottom,270
R67,45.8201mm,32.9964mm,Top,0
R66,45.7059mm,30.2646mm,Bottom,270
R65,25.4267mm,44.4471mm,Top,0
R64,36.8306mm,17.6412mm,Bottom,90
R63,38.1454mm,13.3519mm,Bottom,180
R62,38.4697mm,14.6665mm,Bottom,180
R61,36.0061mm,24.5712mm,Bottom,90
R60,43.3000mm,26.2561mm,Top,0
R59,36.0061mm,26.4964mm,Bottom,90
R58,37.5061mm,26.4964mm,Bottom,90
R56,49.7943mm,43.7843mm,Bottom,90
R55,44.5512mm,42.1095mm,Bottom,90
R53,36.5980mm,15.2313mm,Bottom,180
R51,54.9898mm,39.5226mm,Bottom,180
R50,44.7911mm,43.8378mm,Bottom,90
R49,59.0163mm,38.7136mm,Bottom,180
R48,42.8196mm,19.7133mm,Bottom,90
R47,44.3784mm,20.0276mm,Bottom,0
R46,44.8637mm,21.0306mm,Bottom,180
R45,42.2714mm,21.3689mm,Bottom,0
R42,32.7390mm,8.8558mm,Top,180
R41,29.9285mm,3.5061mm,Bottom,180
R40,27.9689mm,10.6535mm,Bottom,270
R39,30.4939mm,10.6535mm,Bottom,270
R37,50.4036mm,10.3189mm,Top,180
R36,42.0249mm,42.8789mm,Top,90
R34,43.3932mm,42.8789mm,Top,90
R33,45.9363mm,20.0358mm,Bottom,0
R31,36.8306mm,19.9689mm,Bottom,90
R30,38.5149mm,36.9022mm,Top,180
R29,59.0362mm,44.9290mm,Bottom,180
R27,49.6893mm,40.4714mm,Top,180
R26,57.4767mm,44.9201mm,Bottom,180
R25,57.3827mm,38.7359mm,Bottom,180
R24,50.4157mm,35.8088mm,Bottom,90
R23,42.1378mm,44.7905mm,Top,90
R22,50.6907mm,37.5002mm,Bottom,90
R21,57.6449mm,26.5196mm,Top,90
R20,36.5833mm,16.2610mm,Bottom,0
R18,51.0353mm,5.5834mm,Bottom,90
R17,52.5990mm,5.5640mm,Bottom,90
R16,54.1193mm,5.5517mm,Bottom,90
R15,32.1943mm,6.0092mm,Bottom,90
R14,32.1713mm,4.2136mm,Bottom,270
R13,32.1509mm,2.4255mm,Bottom,90
R12,55.3786mm,32.5000mm,Bottom,0
R11,29.4048mm,16.7617mm,Bottom,0
R10,34.8046mm,13.4100mm,Bottom,0
R9,55.2888mm,22.1437mm,Bottom,180
R8,54.6607mm,28.9168mm,Bottom,270
R7,56.9370mm,28.7160mm,Bottom,270
R6,39.6714mm,20.0689mm,Bottom,0
R5,53.1310mm,27.5989mm,Bottom,270
R4,55.1709mm,19.0257mm,Bottom,180
R3,49.3750mm,27.0061mm,Top,0
R2,36.5438mm,12.4557mm,Bottom,180
R1,29.3362mm,19.4309mm,Bottom,0
Q4,35.6219mm,35.7989mm,Top,0
Q2,40.5000mm,27.0000mm,Top,180
Q1,36.5000mm,27.0000mm,Top,180
L7,47.5000mm,37.5000mm,Top,90
L6,50.6955mm,30.0391mm,Top,90
L5,52.0000mm,43.0000mm,Top,270
L4,47.0000mm,43.0000mm,Top,270
L3,53.0898mm,36.3546mm,Top,270
L2,58.0190mm,43.3552mm,Top,90
L1,57.9457mm,37.3502mm,Top,90
J5,41.5534mm,4.5249mm,Top,0
J4,41.5444mm,4.4678mm,Bottom,180
FB4,55.5000mm,2.5000mm,Top,270
FB3,55.9250mm,12.9250mm,Top,270
FB2,50.1315mm,17.3651mm,Top,270
FB1,50.0733mm,12.0060mm,Top,90
D8,44.8245mm,37.2770mm,Top,90
D7,48.0855mm,30.0316mm,Top,90
D5,50.2516mm,20.4301mm,Top,180
D4,33.9386mm,43.6559mm,Bottom,0
D3,34.1917mm,18.2403mm,Top,0
D2,26.9165mm,15.7419mm,Bottom,0
D1,53.7581mm,31.3737mm,Bottom,90
C112,31.5142mm,37.5162mm,Top,0
C111,29.6764mm,37.5206mm,Top,0
C107,41.1572mm,37.0579mm,Bottom,270
C106,47.1163mm,34.7766mm,Top,0
C105,52.0000mm,40.5000mm,Top,180
C104,42.4176mm,37.1889mm,Top,90
C103,44.1677mm,31.3497mm,Bottom,90
C102,51.8629mm,27.0176mm,Top,0
C101,53.7033mm,3.3012mm,Top,270
C100,38.8922mm,11.0993mm,Bottom,270
C99,35.3993mm,9.1061mm,Bottom,180
C98,52.3508mm,3.8211mm,Bottom,0
C97,51.5000mm,3.3250mm,Top,270
C96,58.4624mm,7.4736mm,Top,0
C95,58.5702mm,5.5693mm,Top,180
C94,42.7972mm,11.0660mm,Bottom,270
C93,43.7728mm,11.4031mm,Bottom,180
C92,36.5783mm,13.4718mm,Bottom,180
C86,27.1563mm,1.8105mm,Top,180
C85,45.4232mm,14.9969mm,Bottom,270
C84,41.4808mm,14.9945mm,Bottom,90
C82,39.8388mm,14.0039mm,Bottom,180
C81,43.4543mm,15.0050mm,Bottom,270
C80,42.7829mm,14.9981mm,Bottom,270
C79,42.1554mm,15.0028mm,Bottom,90
C78,45.4068mm,13.6699mm,Bottom,270
C77,44.7813mm,14.9996mm,Bottom,270
C76,44.1069mm,14.9997mm,Bottom,270
C75,42.8073mm,13.6849mm,Bottom,270
C74,43.4491mm,13.6835mm,Bottom,270
C73,44.0825mm,13.6753mm,Bottom,270
C72,44.7542mm,13.6753mm,Bottom,270
C71,43.4390mm,12.3820mm,Bottom,270
C70,44.7388mm,12.3847mm,Bottom,270
C69,42.1470mm,13.6825mm,Bottom,90
C68,40.5382mm,12.6947mm,Bottom,180
C67,42.1529mm,11.7105mm,Bottom,270
C66,42.7809mm,12.3793mm,Bottom,270
C65,40.8262mm,15.6322mm,Bottom,90
C63,41.1761mm,12.0420mm,Bottom,180
C58,44.0916mm,12.3793mm,Bottom,270
C57,41.1646mm,14.0198mm,Bottom,0
C56,39.2224mm,12.6966mm,Bottom,180
C55,39.8846mm,12.0365mm,Bottom,180
C54,40.5296mm,11.3900mm,Bottom,0
C53,39.8497mm,15.3066mm,Bottom,180
C52,39.8446mm,14.6616mm,Bottom,0
C51,39.8431mm,13.3563mm,Bottom,0
C50,47.0000mm,40.5000mm,Top,180
C49,44.4237mm,19.2046mm,Bottom,180
C48,41.5078mm,16.2843mm,Bottom,90
C47,41.1795mm,18.5628mm,Bottom,180
C46,41.1767mm,19.2046mm,Bottom,180
C45,45.0752mm,18.5505mm,Bottom,180
C44,42.4759mm,17.8976mm,Bottom,180
C43,42.7962mm,16.9276mm,Bottom,90
C42,42.1350mm,16.3093mm,Bottom,90
C40,44.0841mm,16.2669mm,Bottom,90
C39,44.7404mm,16.2631mm,Bottom,90
C37,43.7759mm,17.2469mm,Bottom,0
C36,39.4968mm,20.9755mm,Top,180
C35,37.6319mm,20.9833mm,Top,0
C34,41.3994mm,20.9961mm,Top,180
C33,43.9992mm,20.9961mm,Top,180
C32,30.1824mm,1.8778mm,Top,180
C31,45.7272mm,12.0378mm,Bottom,180
C30,45.7275mm,12.6627mm,Bottom,0
C29,46.3865mm,14.0047mm,Bottom,0
C28,45.7231mm,11.3995mm,Bottom,0
C27,44.7482mm,11.0864mm,Bottom,270
C26,46.0477mm,14.9865mm,Bottom,270
C25,46.0457mm,16.2744mm,Bottom,90
C24,27.2511mm,40.7561mm,Bottom,180
C23,38.5008mm,35.5039mm,Top,0
C22,59.3749mm,42.2694mm,Bottom,270
C21,59.4666mm,36.1744mm,Bottom,270
C19,55.6844mm,43.4572mm,Top,90
C18,58.5939mm,39.8908mm,Top,0
C17,58.2000mm,12.9250mm,Top,270
C16,55.6034mm,37.2573mm,Top,90
C15,52.7821mm,33.8002mm,Top,0
C14,53.0812mm,38.8030mm,Top,0
C13,40.1991mm,16.9221mm,Bottom,90
C12,39.8495mm,15.9550mm,Bottom,180
C11,57.5000mm,33.5000mm,Top,90
C10,41.5006mm,11.0731mm,Bottom,270
C8,48.2079mm,7.4877mm,Top,0
C7,34.9947mm,7.4609mm,Bottom,180
C6,34.0130mm,12.0002mm,Bottom,180
C5,36.5503mm,10.7839mm,Bottom,180
C3,53.1497mm,29.9550mm,Top,270
C2,55.5000mm,26.5000mm,Top,0
C1,45.6568mm,29.9522mm,Top,90
R57,25.4158mm,45.7937mm,Top,0
R28,49.5036mm,45.4939mm,Top,180
C89,52.0000mm,45.5000mm,Top,0
C87,47.0000mm,45.5000mm,Top,0
C20,58.5074mm,45.8864mm,Top,0
R72,43.8101mm,46.5063mm,Top,90
C109,42.1369mm,46.5090mm,Top,270
R44,25.4266mm,47.1402mm,Top,0
R35,34.3530mm,47.7157mm,Bottom,180
R32,45.7943mm,47.0979mm,Top,0
R19,49.4598mm,47.1172mm,Top,180
RB6,54.5061mm,48.5036mm,Top,270
R43,25.4428mm,48.4976mm,Top,0
R76,28.9054mm,49.5805mm,Bottom,90
R38,25.7764mm,50.1101mm,Top,270
RB5,54.7734mm,50.5177mm,Top,270
C88,30.9649mm,52.6478mm,Bottom,90
U11,33.7206mm,45.2175mm,Top,270
